<?xml version="1.0" encoding="UTF-8"?>
<project-private xmlns="http://www.netbeans.org/ns/project-private/1">
    <editor-bookmarks xmlns="http://www.netbeans.org/ns/editor-bookmarks/2" lastBookmarkId="0"/>
    <open-files xmlns="http://www.netbeans.org/ns/projectui-open-files/2">
        <group>
            <file>file:/C:/Users/Lenovo/OneDrive/Documents/NetBeansProjects/ProyekPrakPBO2/src/View/ViewReservasi.java</file>
            <file>file:/C:/Users/Lenovo/OneDrive/Documents/NetBeansProjects/ProyekPrakPBO2/src/Swing/CellStatus.java</file>
            <file>file:/C:/Users/Lenovo/OneDrive/Documents/NetBeansProjects/ProyekPrakPBO2/src/Swing/Table.java</file>
            <file>file:/C:/Users/Lenovo/OneDrive/Documents/NetBeansProjects/ProyekPrakPBO2/src/ModelMenu/StatusType.java</file>
            <file>file:/C:/Users/Lenovo/OneDrive/Documents/NetBeansProjects/ProyekPrakPBO2/src/Controller/ControllerReservasi.java</file>
            <file>file:/C:/Users/Lenovo/OneDrive/Documents/NetBeansProjects/ProyekPrakPBO2/src/Model/Connector.java</file>
        </group>
    </open-files>
</project-private>
